[
    {
        "id": 2,
        "title": "Cybersecurity Awareness Day",
        "date": "2025-10-22",
        "location": "Griffin Hall 140",
        "description": "Guest speakers and workshops on digital safety and ethics.",
        "organizer": "School of Computing & Analytics"
    },
    {
        "id": 3,
        "title": "Fall Career Fair",
        "date": "2025-10-30",
        "location": "BB&T Arena",
        "description": "Meet local employers and learn about internship opportunities.",
        "organizer": "Career Services"
    },
    {
        "id": 4,
        "title": "NKU Pep Rally",
        "date": "2025-10-20",
        "location": "Student Union",
        "description": "Pep rally for upcoming halloween",
        "organizer": "Me LOL"
    }
]